Frasquito,Langthorn,flangthorn0@earthlink.net,275-826-4136,9/11/1996
Elvina,Maydway,emaydway1@indiatimes.com,684-160-7828,7/21/1994
Teirtza,Elster,telster2@msn.com,608-140-6614,12/31/1989
Delora,Andrin,dandrin3@macromedia.com,338-565-2490,5/13/2000
Garland,Wedmore.,gwedmore4@gmpg.org,797-511-5201,11/29/1990
Haskell,Dawley,hdawley5@redcross.org,149-123-6394,10/21/2005
Elonore,Castro,ecastro6@timesonline.co.uk,528-402-3930,2/17/1998
Murvyn,D'Alesio,mdalesio7@dagondesign.com,183-804-7024,7/5/1990
Jackie,Grzesiak,jgrzesiak8@globo.com,990-915-0454,1/28/1996
Ariel,Elliman,aelliman9@woothemes.com,225-344-4055,5/25/1985
Maddie,Hoyer,mhoyera@slashdot.org,211-852-5284,1/28/1997
Sheila,Misselbrook,smisselbrookb@yahoo.com,867-120-7875,10/9/1998
Simeon,Whaley,swhaleyc@cbc.ca,671-136-3392,10/19/1985
Lacey,Dinnage,ldinnaged@flickr.com,715-708-3139,7/6/1986
Zachary,Bould,zboulde@liveinternet.ru,297-617-3933,9/28/2004
Winifield,Donahue,wdonahuef@pen.io,768-816-8678,8/28/2007
Benny,Pitfield,bpitfieldg@51.la,366-281-8639,4/4/2003
Ezechiel,Percival,epercivalh@google.nl,376-123-7054,3/6/2004
Marline,Andries,mandriesi@biblegateway.com,117-221-3277,10/11/1997
Wendall,McBrier,wmcbrierj@creativecommons.org,397-449-4505,12/13/1986
Stearn,Hubatsch,shubatschk@google.com.br,685-559-7784,7/22/1991
Isadora,Scallan,iscallanl@ezinearticles.com,973-523-6655,11/11/1998
Lorilyn,Janikowski,ljanikowskim@addthis.com,118-276-0142,9/2/1989
Cordy,Demkowicz,cdemkowiczn@techcrunch.com,853-589-4486,8/11/1996
Emily,Lynock,elynocko@addthis.com,797-888-8037,8/8/1988
Jude,Catherick,jcatherickp@unicef.org,437-607-4906,11/25/2008
Guenevere,Mattack,gmattackq@ihg.com,551-843-5439,2/14/1999
Hilliard,Fenelon,hfenelonr@irs.gov,768-444-6644,8/20/1985
Gelya,Colleford,gcollefords@tmall.com,804-692-7289,9/12/2009
Chickie,Mycock,cmycockt@msn.com,536-320-9070,2/5/1998
Delainey,Proger,dprogeru@digg.com,548-701-4039,9/10/1997
Yard,Lubman,ylubmanv@quantcast.com,251-116-8121,11/20/2008
Richmond,Fransewich,rfransewichw@shinystat.com,487-788-6910,3/20/1995
Mauricio,Goldie,mgoldiex@eventbrite.com,401-966-6776,9/13/2005
Maryl,Coudray,mcoudrayy@amazon.co.uk,657-528-8845,2/9/2010
Antons,Steadman,asteadmanz@scientificamerican.com,937-862-3065,3/7/2007
Jaynell,Everett,jeverett10@sogou.com,427-772-2667,8/2/2002
Loria,Messent,lmessent11@com.com,934-172-3899,10/17/2005
Sanderson,Fanstone,sfanstone12@linkedin.com,868-222-6621,2/14/2002
Joella,Darell,jdarell13@instagram.com,221-397-9197,4/20/2008
Giovanni,Shuter,gshuter14@infoseek.co.jp,668-258-2558,1/7/2003
Micky,Pouton,mpouton15@newyorker.com,468-255-3168,9/30/2001
Gerome,Bingle,gbingle16@nifty.com,421-204-3003,5/5/1999
Corri,Klaaassen,cklaaassen17@simplemachines.org,241-262-0607,3/10/2002
Aida,O'Neill,aoneill18@pagesperso-orange.fr,940-294-3072,1/23/2004
Anna,D'Ambrogi,adambrogi19@jugem.jp,148-691-3104,7/18/2009
Lyda,Jerzyk,ljerzyk1a@dyndns.org,391-939-4054,10/18/1991
Johnna,Beckson,jbeckson1b@aboutads.info,223-851-7424,1/11/1989
Alison,O Sullivan,aosullivan1c@prweb.com,652-812-6399,6/10/1996
Erny,Tilney,etilney1d@chronoengine.com,928-506-3724,8/11/1992
Christopher,Lapides,clapides1e@hibu.com,312-653-8188,11/22/1987
Cally,Wayon,cwayon1f@google.co.jp,663-448-6897,4/13/1989
Lethia,Willmore,lwillmore1g@imageshack.us,969-144-7818,7/9/2002
Margarethe,Fullegar,mfullegar1h@nymag.com,560-277-8203,7/26/1995
Kristoffer,Beentjes,kbeentjes1i@archive.org,362-597-0891,12/11/1995
Augustina,Wyper,awyper1j@aol.com,669-772-2583,7/2/2004
Harman,Rosingdall,hrosingdall1k@bluehost.com,952-272-5038,2/9/2007
Yanaton,Snoxill,ysnoxill1l@deviantart.com,826-929-3258,3/20/1989
Stanislaus,Marioneau,smarioneau1m@psu.edu,546-591-9560,6/4/2001
Nedda,Davydochkin,ndavydochkin1n@utexas.edu,579-701-2876,1/22/2005
Elfrieda,McKibben,emckibben1o@blinklist.com,402-727-6444,7/1/2006
Morly,Illston,millston1p@tinyurl.com,977-455-5843,12/10/2004
Palmer,Windeatt,pwindeatt1q@economist.com,902-855-5062,2/17/1989
Zelma,Stilliard,zstilliard1r@umn.edu,795-191-4877,1/16/1993
Urbain,Petlyura,upetlyura1s@nih.gov,901-934-3282,3/16/2003
Arnaldo,Dandie,adandie1t@artisteer.com,747-206-9943,9/28/1987
Carlin,Bemwell,cbemwell1u@theguardian.com,675-277-6117,8/19/2002
Vlad,Charpling,vcharpling1v@phpbb.com,170-403-9326,5/13/2002
Haslett,McGiffin,hmcgiffin1w@discuz.net,664-194-9216,8/21/1985
Lacey,Skrines,lskrines1x@de.vu,172-975-8723,9/29/2005
Jere,Widdup,jwiddup1y@canalblog.com,122-495-2408,10/26/1998
Brewster,Huton,bhuton1z@vistaprint.com,722-769-7018,11/21/2006
Terri-jo,Gouldstone,tgouldstone20@cbc.ca,710-480-2892,5/8/2007
Kalie,Pellamont,kpellamont21@google.com,171-910-0617,4/24/2009
Alene,Simonini,asimonini22@deliciousdays.com,882-661-1918,6/25/1998
Kacey,Willard,kwillard23@zdnet.com,504-766-2970,7/17/1987
Benyamin,Hansel,bhansel24@nature.com,516-748-2487,1/1/1995
Alexis,Newtown,anewtown25@irs.gov,763-507-2814,6/21/1995
Tammi,Nabarro,tnabarro26@devhub.com,435-514-0651,3/8/2006
Jerrold,Cranstoun,jcranstoun27@comsenz.com,790-645-9339,5/30/1987
Trudy,Valois,tvalois28@privacy.gov.au,543-325-3957,1/9/2008
Ilario,Leadbeatter,ileadbeatter29@google.cn,722-813-9351,2/10/1996
Aeriel,Setterthwait,asetterthwait2a@360.cn,692-694-6254,5/24/1996
Hayward,Balle,hballe2b@creativecommons.org,151-566-8045,5/6/2008
Gardie,Erbe,gerbe2c@mapquest.com,680-214-0114,10/4/1988
Ichabod,Van de Vlies,ivandevlies2d@goodreads.com,941-361-6978,12/21/1989
Pace,Northway,pnorthway2e@google.nl,307-347-4740,11/25/1993
Alexi,Cornborough,acornborough2f@parallels.com,581-877-1894,6/9/2006
Jessica,Ghione,jghione2g@tumblr.com,697-750-1539,9/10/1996
Felisha,Schouthede,fschouthede2h@so-net.ne.jp,605-458-0961,10/17/1986
Katherine,MacKomb,kmackomb2i@wp.com,654-127-8974,4/15/1997
Pepita,Greiswood,pgreiswood2j@t.co,122-474-4758,5/15/2004
Lind,Hegg,lhegg2k@princeton.edu,949-774-5825,6/12/1997
Sonnnie,Oxbrough,soxbrough2l@state.tx.us,576-536-6171,11/22/1988
Jolee,Caudwell,jcaudwell2m@wp.com,204-901-7329,9/28/2001
Ode,Bantham,obantham2n@forbes.com,887-169-4244,2/15/2001
Brendon,McKinna,bmckinna2o@shop-pro.jp,926-976-0472,3/24/2009
Noll,Averies,naveries2p@dell.com,627-316-7155,9/9/2004
Jamil,Nizet,jnizet2q@about.me,279-237-1707,1/4/2008
Wynne,Bransgrove,wbransgrove2r@mysql.com,209-132-4157,5/12/1990
